{
    "K": [
        [
            590.945524632723,
            0.0,
            586.6551555967994
        ],
        [
            0.0,
            630.4898439711209,
            371.25355911274295
        ],
        [
            0.0,
            0.0,
            1.0
        ]
    ],
    "D": [
        [
            -0.15757236343113334,
            0.20801947257643685,
            0.0018958872483769013,
            0.000724289820156866,
            -0.12840144804476308
        ]
    ]
}